austin,Austin
albany-park,Albany Park
archer-heights,Archer Heights
armour-square,Armour Square
ashburn,Ashburn
auburn-gresham,Auburn Gresham
avalon-park,Avalon Park
avondale,Avondale
belmont-cragin,Belmont Cragin
beverly,Beverly
bridgeport,Bridgeport
brighton-park,Brighton Park
burnside,Burnside
calumet-heights,Calumet Heights
chatham,Chatham
chicago-lawn,Chicago Lawn
clearing,Clearing
douglas,Douglas (Bronzeville)
dunning,Dunning
east-garfield-park,East Garfield Park
east-side,East Side
edgewater,Edgewater
edison-park,Edison Park
englewood,Englewood
forest-glen,Forest Glen
fuller-park,Fuller Park
gage-park,Gage Park
garfield-park,West Garfield Park
garfield-ridge,Garfield Ridge
grand-boulevard,Grand Boulevard (Bronzeville)
grand-crossing,Greater Grand Crossing
hegewisch,Hegewisch
hermosa,Hermosa
humboldt-park,Humboldt Park
hyde-park,Hyde Park
irving-park,Irving Park
jefferson-park,Jefferson Park
kenwood,Kenwood
lakeview,Lakeview
lincoln-park,Lincoln Park
lincoln-square,Lincoln Square
little-village,Little Village
logan-square,Logan Square
loop,Loop    
mckinley-park,McKinley Park
montclare,Montclare
morgan-park,Morgan Park
mt-greenwood,Mount Greenwood
near-north-side,Near North Side
near-west-side,Near West Side
new-city,New City (Back of the Yards and Canaryville)
north-center,North Center
north-lawndale,North Lawndale
north-park,North Park
norwood-park,Norwood Park
oakland,Oakland
ohare,O\'Hare
pilsen,Pilsen
portage-park,Portage Park
pullman,Pullman
riverdale,Riverdale
rogers-park,Rogers Park
roseland,Roseland
south-chicago,South Chicago
south-deering,South Deering
south-loop,South Loop
south-shore,South Shore
uptown,Uptown
washington-heights,Washington Heights
washington-park,Washington Park
west-elsdon,West Elsdon
west-englewood,West Englewood
west-lawn,West Lawn
west-pullman,West Pullman
west-ridge,West Ridge
west-town,West Town
woodlawn,Woodlawn
